{
  "marches": [
    {
      "id": "M-2024-001",
      "numero": "M-2024-001",
      "intitule": "Construction route Abidjan-Yamoussoukro",
      "unitOperationnelle": "UO-001",
      "exercice": "2024",
      "section": "SEC-01",
      "programme": "PROG-001",
      "activite": "ACT-001",
      "natureEconomique": "NE-222",
      "bailleur": "BAI-002",
      "typeMarche": "TM-01",
      "modePassation": "AOO",
      "montantPrevisionnel": 25000000,
      "montantPrevisionnelHT": 25000000,
      "montantPrevisionnelTTC": 29500000,
      "devise": "FCFA",
      "dureePrevisionnelle": 24,
      "datePrevisionnelleDemarrage": "2024-03-01",
      "sourcePPM": "import",
      "statut": "en_execution",
      "livrables": [
        {
          "id": "L-001-01",
          "type": "LIV-01",
          "objet": "Route bitumée 50km",
          "region": "REG-01",
          "departement": "Anyama",
          "commune": "Anyama",
          "village": "",
          "latitude": "5.4883",
          "longitude": "-3.9925",
          "beneficiaire": "Population Anyama",
          "volume": "50 km"
        }
      ],
      "procedure": {
        "dateOuverturePlis": "2024-02-15",
        "dateAnalyse": "2024-02-20",
        "dateJugement": "2024-02-25",
        "typeCommission": "COJO",
        "nombreOffres": 5,
        "nombreOffresClassees": 3
      },
      "attribution": {
        "attributaire": {
          "raisonSociale": "ENTREPRISE CONSTRUCTION CI",
          "rccm": "CI-ABJ-2020-B-12345",
          "ifu": "1234567890",
          "telephone": "+225 27 20 30 40 50",
          "email": "contact@constructionci.ci",
          "banque": "SGBCI",
          "numeroCompte": "CI93 01234 56789 01234567890 12"
        },
        "montantAttribution": 24500000,
        "montantAttributionHT": 24500000,
        "montantAttributionTTC": 28910000,
        "economie": 500000,
        "dateSignatureTitulaire": "2024-03-01",
        "dateSignatureAutorite": "2024-03-02",
        "dateApprobation": "2024-03-05",
        "dateDecisionCF": "2024-03-10",
        "decisionCF": "visa",
        "motifDecision": "VIS-01",
        "commentaireDecision": "Dossier conforme, visa accordé"
      },
      "echeancier": [
        {
          "numero": 1,
          "montant": 8000000,
          "datePrevisionnelle": "2024-06-01",
          "statut": "paye"
        },
        {
          "numero": 2,
          "montant": 8000000,
          "datePrevisionnelle": "2024-09-01",
          "statut": "paye"
        },
        {
          "numero": 3,
          "montant": 8910000,
          "datePrevisionnelle": "2024-12-01",
          "statut": "en_attente"
        }
      ],
      "cleRepartition": [
        {
          "bailleur": "BAI-002",
          "typeFinancement": "Don",
          "natureEconomique": "NE-222",
          "annee": "2024",
          "montant": 24500000,
          "pourcentage": 100
        }
      ],
      "execution": {
        "ordreService": {
          "numero": "OS-2024-001",
          "date": "2024-03-15",
          "dateDebut": "2024-03-20",
          "duree": 24,
          "dateFinPrevisionnelle": "2025-03-20"
        },
        "decomptes": [
          {
            "numero": "D-001",
            "date": "2024-06-01",
            "montant": 8000000,
            "cumul": 8000000,
            "retenueGarantie": 800000,
            "netAPayer": 7200000,
            "statut": "paye"
          },
          {
            "numero": "D-002",
            "date": "2024-09-01",
            "montant": 8000000,
            "cumul": 16000000,
            "retenueGarantie": 800000,
            "netAPayer": 7200000,
            "statut": "paye"
          }
        ]
      },
      "avenants": [],
      "garanties": [
        {
          "type": "GAR-02",
          "montant": 2450000,
          "taux": 10,
          "dateEmission": "2024-03-10",
          "dateEcheance": "2025-09-20",
          "statut": "active"
        }
      ],
      "recours": null,
      "reception": null
    },
    {
      "id": "M-2024-002",
      "numero": "M-2024-002",
      "intitule": "Fourniture équipements informatiques",
      "unitOperationnelle": "UO-002",
      "exercice": "2024",
      "section": "SEC-01",
      "programme": "PROG-002",
      "activite": "ACT-003",
      "natureEconomique": "NE-241",
      "bailleur": "BAI-001",
      "typeMarche": "TM-02",
      "modePassation": "PSD",
      "montantPrevisionnel": 35000000,
      "montantPrevisionnelHT": 35000000,
      "montantPrevisionnelTTC": 41300000,
      "devise": "FCFA",
      "dureePrevisionnelle": 3,
      "datePrevisionnelleDemarrage": "2024-04-01",
      "sourcePPM": "import",
      "statut": "en_validation",
      "livrables": [
        {
          "id": "L-002-01",
          "type": "LIV-02",
          "objet": "Ordinateurs portables",
          "region": "REG-02",
          "departement": "Yamoussoukro",
          "commune": "Yamoussoukro",
          "village": "",
          "latitude": "6.8184",
          "longitude": "-5.2755",
          "beneficiaire": "Écoles primaires",
          "volume": "500 unités"
        }
      ],
      "procedure": {
        "dateOuverturePlis": "2024-03-20",
        "dateAnalyse": "2024-03-22",
        "dateJugement": "2024-03-25",
        "typeCommission": "Commission technique",
        "nombreOffres": 8,
        "nombreOffresClassees": 6
      },
      "attribution": {
        "attributaire": {
          "raisonSociale": "TECH SERVICES CI",
          "rccm": "CI-ABJ-2019-B-54321",
          "ifu": "0987654321",
          "telephone": "+225 27 20 40 50 60",
          "email": "info@techservices.ci",
          "banque": "BICICI",
          "numeroCompte": "CI93 98765 43210 98765432109 87"
        },
        "montantAttribution": 33000000,
        "montantAttributionHT": 33000000,
        "montantAttributionTTC": 38940000,
        "economie": 2000000,
        "dateSignatureTitulaire": "2024-04-01",
        "dateSignatureAutorite": "2024-04-02",
        "dateApprobation": "2024-04-05",
        "dateDecisionCF": null,
        "decisionCF": null,
        "motifDecision": null,
        "commentaireDecision": null
      },
      "echeancier": [
        {
          "numero": 1,
          "montant": 38940000,
          "datePrevisionnelle": "2024-07-01",
          "statut": "en_attente"
        }
      ],
      "cleRepartition": [
        {
          "bailleur": "BAI-001",
          "typeFinancement": "Budget National",
          "natureEconomique": "NE-241",
          "annee": "2024",
          "montant": 33000000,
          "pourcentage": 100
        }
      ],
      "execution": null,
      "avenants": [],
      "garanties": [],
      "recours": null,
      "reception": null
    },
    {
      "id": "M-2024-003",
      "numero": "M-2024-003",
      "intitule": "Étude d'impact environnemental",
      "unitOperationnelle": "UO-005",
      "exercice": "2024",
      "section": "SEC-01",
      "programme": "PROG-001",
      "activite": "ACT-001",
      "natureEconomique": "NE-211",
      "bailleur": "BAI-003",
      "typeMarche": "TM-04",
      "modePassation": "PI",
      "montantPrevisionnel": 15000000,
      "montantPrevisionnelHT": 15000000,
      "montantPrevisionnelTTC": 17700000,
      "devise": "FCFA",
      "dureePrevisionnelle": 6,
      "datePrevisionnelleDemarrage": "2024-05-01",
      "sourcePPM": "saisie",
      "justificationHorsPPM": "Demande urgente suite à décision ministérielle",
      "statut": "reserve",
      "livrables": [
        {
          "id": "L-003-01",
          "type": "LIV-03",
          "objet": "Rapport d'étude d'impact",
          "region": "REG-05",
          "departement": "Man",
          "commune": "Man",
          "village": "",
          "latitude": "7.4069",
          "longitude": "-7.5539",
          "beneficiaire": "Direction de l'Environnement",
          "volume": "1 rapport"
        }
      ],
      "procedure": {
        "dateOuverturePlis": "2024-04-10",
        "dateAnalyse": "2024-04-15",
        "dateJugement": "2024-04-20",
        "typeCommission": "Commission d'analyse PI",
        "nombreOffres": 3,
        "nombreOffresClassees": 3
      },
      "attribution": {
        "attributaire": {
          "raisonSociale": "CABINET ENVIRONNEMENT CONSEIL",
          "rccm": "CI-ABJ-2018-B-11111",
          "ifu": "1111111111",
          "telephone": "+225 27 20 50 60 70",
          "email": "contact@envconseil.ci",
          "banque": "BIAO",
          "numeroCompte": "CI93 11111 22222 33333444455 66"
        },
        "montantAttribution": 16000000,
        "montantAttributionHT": 16000000,
        "montantAttributionTTC": 18880000,
        "economie": -1000000,
        "dateSignatureTitulaire": "2024-05-01",
        "dateSignatureAutorite": "2024-05-02",
        "dateApprobation": "2024-05-05",
        "dateDecisionCF": "2024-05-10",
        "decisionCF": "reserve",
        "motifDecision": "RES-02",
        "commentaireDecision": "Montant supérieur à l'enveloppe initiale. Attente confirmation disponibilité budgétaire complémentaire."
      },
      "echeancier": [
        {
          "numero": 1,
          "montant": 9440000,
          "datePrevisionnelle": "2024-08-01",
          "statut": "en_attente"
        },
        {
          "numero": 2,
          "montant": 9440000,
          "datePrevisionnelle": "2024-11-01",
          "statut": "en_attente"
        }
      ],
      "cleRepartition": [
        {
          "bailleur": "BAI-003",
          "typeFinancement": "Prêt",
          "natureEconomique": "NE-211",
          "annee": "2024",
          "montant": 16000000,
          "pourcentage": 100
        }
      ],
      "execution": null,
      "avenants": [],
      "garanties": [],
      "recours": null,
      "reception": null
    }
  ],
  "demandes": [
    {
      "id": "DA2024-001",
      "numero": "DA2024-001",
      "date": "2024-01-15",
      "service": "Service Informatique",
      "priorite": "HAUTE",
      "montantEstime": 25000000,
      "statut": "approuvee",
      "description": "Demande d'équipements informatiques pour les écoles"
    }
  ],
  "statistiques": {
    "enAttente": 8,
    "enValidation": 3,
    "approuvees": 15,
    "montantTotal": 45000000
  }
}
