{
  "ppmLignes": [
    {
      "id": "PPM-2024-001",
      "unitOperationnelle": "UO-001",
      "exercice": "2024",
      "intituleOperation": "Construction route Abidjan-Yamoussoukro",
      "section": "SEC-01",
      "programme": "PROG-001",
      "activite": "ACT-001",
      "natureEconomique": "NE-222",
      "bailleur": "BAI-002",
      "montantPrevisionnel": 25000000,
      "montantHT": 25000000,
      "montantTTC": 29500000,
      "dureePrevisionnelle": 24,
      "trimestre": "T1",
      "importe": true,
      "marcheAssocie": "M-2024-001"
    },
    {
      "id": "PPM-2024-002",
      "unitOperationnelle": "UO-002",
      "exercice": "2024",
      "intituleOperation": "Fourniture équipements informatiques",
      "section": "SEC-01",
      "programme": "PROG-002",
      "activite": "ACT-003",
      "natureEconomique": "NE-241",
      "bailleur": "BAI-001",
      "montantPrevisionnel": 35000000,
      "montantHT": 35000000,
      "montantTTC": 41300000,
      "dureePrevisionnelle": 3,
      "trimestre": "T2",
      "importe": true,
      "marcheAssocie": "M-2024-002"
    },
    {
      "id": "PPM-2024-003",
      "unitOperationnelle": "UO-003",
      "exercice": "2024",
      "intituleOperation": "Construction centre de santé",
      "section": "SEC-01",
      "programme": "PROG-003",
      "activite": "ACT-005",
      "natureEconomique": "NE-222",
      "bailleur": "BAI-004",
      "montantPrevisionnel": 50000000,
      "montantHT": 50000000,
      "montantTTC": 59000000,
      "dureePrevisionnelle": 18,
      "trimestre": "T2",
      "importe": false,
      "marcheAssocie": null
    },
    {
      "id": "PPM-2024-004",
      "unitOperationnelle": "UO-004",
      "exercice": "2024",
      "intituleOperation": "Fourniture intrants agricoles",
      "section": "SEC-01",
      "programme": "PROG-001",
      "activite": "ACT-001",
      "natureEconomique": "NE-245",
      "bailleur": "BAI-001",
      "montantPrevisionnel": 20000000,
      "montantHT": 20000000,
      "montantTTC": 23600000,
      "dureePrevisionnelle": 6,
      "trimestre": "T3",
      "importe": false,
      "marcheAssocie": null
    },
    {
      "id": "PPM-2024-005",
      "unitOperationnelle": "UO-001",
      "exercice": "2024",
      "intituleOperation": "Réhabilitation routes départementales",
      "section": "SEC-01",
      "programme": "PROG-001",
      "activite": "ACT-002",
      "natureEconomique": "NE-223",
      "bailleur": "BAI-003",
      "montantPrevisionnel": 80000000,
      "montantHT": 80000000,
      "montantTTC": 94400000,
      "dureePrevisionnelle": 36,
      "trimestre": "T3",
      "importe": false,
      "marcheAssocie": null
    },
    {
      "id": "PPM-2024-006",
      "unitOperationnelle": "UO-002",
      "exercice": "2024",
      "intituleOperation": "Fourniture manuels scolaires",
      "section": "SEC-01",
      "programme": "PROG-002",
      "activite": "ACT-003",
      "natureEconomique": "NE-242",
      "bailleur": "BAI-005",
      "montantPrevisionnel": 12000000,
      "montantHT": 12000000,
      "montantTTC": 14160000,
      "dureePrevisionnelle": 2,
      "trimestre": "T4",
      "importe": false,
      "marcheAssocie": null
    },
    {
      "id": "PPM-2024-007",
      "unitOperationnelle": "UO-005",
      "exercice": "2024",
      "intituleOperation": "Études forestières",
      "section": "SEC-01",
      "programme": "PROG-001",
      "activite": "ACT-001",
      "natureEconomique": "NE-211",
      "bailleur": "BAI-002",
      "montantPrevisionnel": 8000000,
      "montantHT": 8000000,
      "montantTTC": 9440000,
      "dureePrevisionnelle": 4,
      "trimestre": "T4",
      "importe": false,
      "marcheAssocie": null
    }
  ]
}
