{
  "unitesOperationnelles": [
    {"code": "UO-001", "nom": "Direction des Infrastructures"},
    {"code": "UO-002", "nom": "Direction de l'Éducation"},
    {"code": "UO-003", "nom": "Direction de la Santé"},
    {"code": "UO-004", "nom": "Direction de l'Agriculture"},
    {"code": "UO-005", "nom": "Direction de l'Environnement"}
  ],
  "sections": [
    {"code": "SEC-01", "nom": "Investissement"},
    {"code": "SEC-02", "nom": "Fonctionnement"},
    {"code": "SEC-03", "nom": "Dette Publique"}
  ],
  "programmes": [
    {"code": "PROG-001", "nom": "Construction d'infrastructures routières", "section": "SEC-01"},
    {"code": "PROG-002", "nom": "Équipement scolaire", "section": "SEC-01"},
    {"code": "PROG-003", "nom": "Construction centres de santé", "section": "SEC-01"},
    {"code": "PROG-004", "nom": "Maintenance des bâtiments administratifs", "section": "SEC-02"},
    {"code": "PROG-005", "nom": "Fournitures de bureau", "section": "SEC-02"}
  ],
  "activites": [
    {"code": "ACT-001", "nom": "Construction routes rurales", "programme": "PROG-001"},
    {"code": "ACT-002", "nom": "Réhabilitation routes nationales", "programme": "PROG-001"},
    {"code": "ACT-003", "nom": "Fourniture manuels scolaires", "programme": "PROG-002"},
    {"code": "ACT-004", "nom": "Équipement salles de classe", "programme": "PROG-002"},
    {"code": "ACT-005", "nom": "Construction dispensaires", "programme": "PROG-003"}
  ],
  "naturesEconomiques": [
    {"code": "NE-211", "nom": "Études et recherches"},
    {"code": "NE-222", "nom": "Travaux neufs"},
    {"code": "NE-223", "nom": "Travaux de réhabilitation"},
    {"code": "NE-241", "nom": "Équipements informatiques"},
    {"code": "NE-242", "nom": "Mobilier et matériel de bureau"},
    {"code": "NE-245", "nom": "Matériel et outillage technique"}
  ],
  "bailleurs": [
    {"code": "BAI-001", "nom": "Budget National"},
    {"code": "BAI-002", "nom": "Banque Mondiale"},
    {"code": "BAI-003", "nom": "Banque Africaine de Développement"},
    {"code": "BAI-004", "nom": "Agence Française de Développement"},
    {"code": "BAI-005", "nom": "Union Européenne"},
    {"code": "BAI-006", "nom": "Coopération Japonaise"}
  ],
  "typesMarche": [
    {"code": "TM-01", "nom": "Travaux"},
    {"code": "TM-02", "nom": "Fournitures"},
    {"code": "TM-03", "nom": "Services"},
    {"code": "TM-04", "nom": "Prestations Intellectuelles"}
  ],
  "modesPassation": [
    {"code": "PSC", "nom": "Procédure de sollicitation de cotation", "seuilMax": 15000000},
    {"code": "PSD", "nom": "Procédure de sollicitation de devis", "seuilMax": 50000000},
    {"code": "AOO", "nom": "Appel d'Offres Ouvert", "seuilMax": null},
    {"code": "PSO", "nom": "Procédure Simplifiée Ouverte", "seuilMax": 200000000},
    {"code": "PI", "nom": "Prestations Intellectuelles", "seuilMax": null},
    {"code": "DER", "nom": "Procédure Dérogatoire", "seuilMax": null}
  ],
  "typesLivrable": [
    {"code": "LIV-01", "nom": "Ouvrage"},
    {"code": "LIV-02", "nom": "Fourniture"},
    {"code": "LIV-03", "nom": "Étude"},
    {"code": "LIV-04", "nom": "Service"},
    {"code": "LIV-05", "nom": "Formation"},
    {"code": "LIV-06", "nom": "Équipement"},
    {"code": "LIV-07", "nom": "Autre"}
  ],
  "regionsCI": [
    {"code": "REG-01", "nom": "Abidjan"},
    {"code": "REG-02", "nom": "Yamoussoukro"},
    {"code": "REG-03", "nom": "Bouaké"},
    {"code": "REG-04", "nom": "Korhogo"},
    {"code": "REG-05", "nom": "Man"},
    {"code": "REG-06", "nom": "Daloa"},
    {"code": "REG-07", "nom": "San-Pédro"},
    {"code": "REG-08", "nom": "Abengourou"}
  ],
  "motifsDecisionCF": {
    "visa": [
      {"code": "VIS-01", "nom": "Conforme - Visa accordé"},
      {"code": "VIS-02", "nom": "Conforme avec recommandations"}
    ],
    "reserve": [
      {"code": "RES-01", "nom": "Documentation incomplète"},
      {"code": "RES-02", "nom": "Montant supérieur à l'enveloppe budgétaire"},
      {"code": "RES-03", "nom": "Procédure de passation non conforme"},
      {"code": "RES-04", "nom": "Attributaire non qualifié"},
      {"code": "RES-05", "nom": "Prix manifestement anormal"},
      {"code": "RES-06", "nom": "Clé de répartition incohérente"}
    ],
    "refus": [
      {"code": "REF-01", "nom": "Absence de disponibilité budgétaire"},
      {"code": "REF-02", "nom": "Non-conformité grave au Code des marchés"},
      {"code": "REF-03", "nom": "Absence de justification"},
      {"code": "REF-04", "nom": "Fraude avérée"}
    ]
  },
  "typesRecours": [
    {"code": "REC-01", "nom": "Recours gracieux"},
    {"code": "REC-02", "nom": "Recours hiérarchique"},
    {"code": "REC-03", "nom": "Recours contentieux"}
  ],
  "typesGarantie": [
    {"code": "GAR-01", "nom": "Garantie d'avance"},
    {"code": "GAR-02", "nom": "Garantie de bonne exécution"},
    {"code": "GAR-03", "nom": "Retenue de garantie"}
  ],
  "typesAvenant": [
    {"code": "AVE-01", "nom": "Avenant financier"},
    {"code": "AVE-02", "nom": "Avenant de délai"},
    {"code": "AVE-03", "nom": "Avenant technique"},
    {"code": "AVE-04", "nom": "Avenant mixte"}
  ],
  "exercicesBudgetaires": [
    {"annee": "2023"},
    {"annee": "2024"},
    {"annee": "2025"},
    {"annee": "2026"}
  ],
  "parametres": {
    "seuilAlerteAvenants": 25,
    "seuilMaxAvenants": 30,
    "delaiAlerteSansOS": 30,
    "delaiAlerteSansDecompte": 60,
    "tauxRetenue": 10
  }
}
